<?xml version="1.0" ?>
<annotation>
<folder>KITTI</folder>
<filename>000004.png</filename>
<source>
<database>The KITTI Database</database>
<annotation>KITTI</annotation>
</source>
<size>
<width>1242</width>
<height>375</height>
<depth>3</depth>
</size>
<object>
<name>Car</name>
<angle>1.96</angle>
<bndbox>
<xmin>280</xmin>
<ymin>185</ymin>
<xmax>344</xmax>
<ymax>215</ymax>
</bndbox>
</object>
<object>
<name>Car</name>
<angle>1.88</angle>
<bndbox>
<xmin>365</xmin>
<ymin>184</ymin>
<xmax>406</xmax>
<ymax>205</ymax>
</bndbox>
</object>
</annotation>
