<?xml version="1.0" ?>
<annotation>
<folder>KITTI</folder>
<filename>000009.png</filename>
<source>
<database>The KITTI Database</database>
<annotation>KITTI</annotation>
</source>
<size>
<width>1242</width>
<height>375</height>
<depth>3</depth>
</size>
<object>
<name>Car</name>
<angle>-1.5</angle>
<bndbox>
<xmin>601</xmin>
<ymin>177</ymin>
<xmax>659</xmax>
<ymax>229</ymax>
</bndbox>
</object>
<object>
<name>Car</name>
<angle>1.75</angle>
<bndbox>
<xmin>600</xmin>
<ymin>177</ymin>
<xmax>624</xmax>
<ymax>193</ymax>
</bndbox>
</object>
<object>
<name>Car</name>
<angle>1.78</angle>
<bndbox>
<xmin>574</xmin>
<ymin>178</ymin>
<xmax>598</xmax>
<ymax>194</ymax>
</bndbox>
</object>
</annotation>
