<?xml version="1.0" ?>
<annotation>
<folder>KITTI</folder>
<filename>000008.png</filename>
<source>
<database>The KITTI Database</database>
<annotation>KITTI</annotation>
</source>
<size>
<width>1242</width>
<height>375</height>
<depth>3</depth>
</size>
<object>
<name>Car</name>
<angle>-0.69</angle>
<bndbox>
<xmin>0</xmin>
<ymin>192</ymin>
<xmax>402</xmax>
<ymax>374</ymax>
</bndbox>
</object>
<object>
<name>Car</name>
<angle>2.04</angle>
<bndbox>
<xmin>334</xmin>
<ymin>178</ymin>
<xmax>624</xmax>
<ymax>372</ymax>
</bndbox>
</object>
<object>
<name>Car</name>
<angle>-1.84</angle>
<bndbox>
<xmin>937</xmin>
<ymin>197</ymin>
<xmax>1241</xmax>
<ymax>374</ymax>
</bndbox>
</object>
<object>
<name>Car</name>
<angle>-1.33</angle>
<bndbox>
<xmin>597</xmin>
<ymin>176</ymin>
<xmax>720</xmax>
<ymax>261</ymax>
</bndbox>
</object>
<object>
<name>Car</name>
<angle>1.74</angle>
<bndbox>
<xmin>741</xmin>
<ymin>168</ymin>
<xmax>792</xmax>
<ymax>208</ymax>
</bndbox>
</object>
<object>
<name>Car</name>
<angle>-1.65</angle>
<bndbox>
<xmin>884</xmin>
<ymin>178</ymin>
<xmax>956</xmax>
<ymax>240</ymax>
</bndbox>
</object>
</annotation>
