<?xml version="1.0" ?>
<annotation>
<folder>KITTI</folder>
<filename>000006.png</filename>
<source>
<database>The KITTI Database</database>
<annotation>KITTI</annotation>
</source>
<size>
<width>1238</width>
<height>374</height>
<depth>3</depth>
</size>
<object>
<name>Car</name>
<angle>-1.55</angle>
<bndbox>
<xmin>548</xmin>
<ymin>171</ymin>
<xmax>572</xmax>
<ymax>194</ymax>
</bndbox>
</object>
<object>
<name>Car</name>
<angle>-1.21</angle>
<bndbox>
<xmin>505</xmin>
<ymin>168</ymin>
<xmax>575</xmax>
<ymax>209</ymax>
</bndbox>
</object>
<object>
<name>Car</name>
<angle>0.15</angle>
<bndbox>
<xmin>49</xmin>
<ymin>185</ymin>
<xmax>227</xmax>
<ymax>246</ymax>
</bndbox>
</object>
<object>
<name>Car</name>
<angle>2.05</angle>
<bndbox>
<xmin>328</xmin>
<ymin>170</ymin>
<xmax>397</xmax>
<ymax>204</ymax>
</bndbox>
</object>
</annotation>
