<?xml version="1.0" ?>
<annotation>
<folder>KITTI</folder>
<filename>000007.png</filename>
<source>
<database>The KITTI Database</database>
<annotation>KITTI</annotation>
</source>
<size>
<width>1242</width>
<height>375</height>
<depth>3</depth>
</size>
<object>
<name>Car</name>
<angle>-1.56</angle>
<bndbox>
<xmin>564</xmin>
<ymin>174</ymin>
<xmax>616</xmax>
<ymax>224</ymax>
</bndbox>
</object>
<object>
<name>Car</name>
<angle>1.71</angle>
<bndbox>
<xmin>481</xmin>
<ymin>180</ymin>
<xmax>512</xmax>
<ymax>202</ymax>
</bndbox>
</object>
<object>
<name>Car</name>
<angle>1.64</angle>
<bndbox>
<xmin>542</xmin>
<ymin>175</ymin>
<xmax>565</xmax>
<ymax>193</ymax>
</bndbox>
</object>
</annotation>
