<?xml version="1.0" ?>
<annotation>
<folder>KITTI</folder>
<filename>000010.png</filename>
<source>
<database>The KITTI Database</database>
<annotation>KITTI</annotation>
</source>
<size>
<width>1242</width>
<height>375</height>
<depth>3</depth>
</size>
<object>
<name>Car</name>
<angle>-2.09</angle>
<bndbox>
<xmin>1013</xmin>
<ymin>182</ymin>
<xmax>1241</xmax>
<ymax>374</ymax>
</bndbox>
</object>
<object>
<name>Car</name>
<angle>1.95</angle>
<bndbox>
<xmin>354</xmin>
<ymin>185</ymin>
<xmax>549</xmax>
<ymax>294</ymax>
</bndbox>
</object>
<object>
<name>Car</name>
<angle>-1.78</angle>
<bndbox>
<xmin>819</xmin>
<ymin>178</ymin>
<xmax>926</xmax>
<ymax>251</ymax>
</bndbox>
</object>
<object>
<name>Car</name>
<angle>-1.69</angle>
<bndbox>
<xmin>800</xmin>
<ymin>178</ymin>
<xmax>878</xmax>
<ymax>230</ymax>
</bndbox>
</object>
<object>
<name>Car</name>
<angle>1.8</angle>
<bndbox>
<xmin>558</xmin>
<ymin>179</ymin>
<xmax>635</xmax>
<ymax>230</ymax>
</bndbox>
</object>
<object>
<name>Car</name>
<angle>1.77</angle>
<bndbox>
<xmin>598</xmin>
<ymin>178</ymin>
<xmax>652</xmax>
<ymax>218</ymax>
</bndbox>
</object>
<object>
<name>Car</name>
<angle>-1.67</angle>
<bndbox>
<xmin>784</xmin>
<ymin>178</ymin>
<xmax>839</xmax>
<ymax>220</ymax>
</bndbox>
</object>
<object>
<name>Car</name>
<angle>1.92</angle>
<bndbox>
<xmin>663</xmin>
<ymin>175</ymin>
<xmax>707</xmax>
<ymax>204</ymax>
</bndbox>
</object>
</annotation>
