<?xml version="1.0" ?>
<annotation>
<folder>KITTI</folder>
<filename>000001.png</filename>
<source>
<database>The KITTI Database</database>
<annotation>KITTI</annotation>
</source>
<size>
<width>1242</width>
<height>375</height>
<depth>3</depth>
</size>
<object>
<name>Truck</name>
<angle>-1.57</angle>
<bndbox>
<xmin>599</xmin>
<ymin>156</ymin>
<xmax>629</xmax>
<ymax>189</ymax>
</bndbox>
</object>
<object>
<name>Car</name>
<angle>1.85</angle>
<bndbox>
<xmin>387</xmin>
<ymin>181</ymin>
<xmax>423</xmax>
<ymax>203</ymax>
</bndbox>
</object>
</annotation>
