<?xml version="1.0" ?>
<annotation>
<folder>KITTI</folder>
<filename>000011.png</filename>
<source>
<database>The KITTI Database</database>
<annotation>KITTI</annotation>
</source>
<size>
<width>1242</width>
<height>375</height>
<depth>3</depth>
</size>
<object>
<name>Car</name>
<angle>1.74</angle>
<bndbox>
<xmin>444</xmin>
<ymin>171</ymin>
<xmax>504</xmax>
<ymax>225</ymax>
</bndbox>
</object>
<object>
<name>Car</name>
<angle>2.42</angle>
<bndbox>
<xmin>0</xmin>
<ymin>217</ymin>
<xmax>85</xmax>
<ymax>374</ymax>
</bndbox>
</object>
</annotation>
