<?xml version="1.0" ?>
<annotation>
<folder>KITTI</folder>
<filename>000012.png</filename>
<source>
<database>The KITTI Database</database>
<annotation>KITTI</annotation>
</source>
<size>
<width>1242</width>
<height>375</height>
<depth>3</depth>
</size>
<object>
<name>Car</name>
<angle>-1.84</angle>
<bndbox>
<xmin>662</xmin>
<ymin>185</ymin>
<xmax>690</xmax>
<ymax>205</ymax>
</bndbox>
</object>
<object>
<name>Van</name>
<angle>1.7</angle>
<bndbox>
<xmin>448</xmin>
<ymin>177</ymin>
<xmax>481</xmax>
<ymax>206</ymax>
</bndbox>
</object>
</annotation>
